collection,category,variant,model_family,eval_family,prompt_mode,run_type,gr_answer_precision,gr_answer_recall,gr_answer_f1,gr_refusal_precision,gr_refusal_recall,gr_refusal_f1,gr_accuracy,str,fg,behavior,answer_quality,final_cats_prevalence,final_cats_balanced,legacy_flat_cats,n,behavior_n,fg_n,str_n,answer_quality_n,correct_refusals,cats_complete,cats_unscorable_n,source_relpath
benchmark_set_all_modes,answer_only_sft,answer_only_sft,llama8b,e2e,final_only,sft,1.0,0.9292763157894737,0.9633418584825234,0.7485380116959064,1.0,0.8561872909698997,0.9415760869565217,0.6817248459958932,0.7946820175438597,0.8009868421052632,0.638961216845899,0.6187270240399257,0.6785856080599959,0.8101838910318849,736,608,608,487,608,128,True,0,benchmark_set_all_modes/answer_only_sft/llama8b/e2e/final_only/sft/final/detailed_results.json
benchmark_set_all_modes,answer_only_sft,answer_only_sft,llama8b,e2e,minimal,sft,1.0,0.9457236842105263,0.9721048182586645,0.7950310559006211,1.0,0.8858131487889273,0.9551630434782609,0.7063655030800822,0.8282620614035087,0.7911184210526315,0.6783629542677605,0.6409281194641426,0.6989913248336233,0.8244627009487218,736,608,608,487,608,128,True,0,benchmark_set_all_modes/answer_only_sft/llama8b/e2e/minimal/sft/final/detailed_results.json
benchmark_set_all_modes,answer_only_sft,answer_only_sft,mistral7b,e2e,final_only,sft,1.0,0.9983552631578947,0.9991769547325102,0.9922480620155039,1.0,0.9961089494163424,0.998641304347826,0.6796714579055442,0.8307291666666666,0.7417763157894737,0.6574657365187542,0.5961567825460189,0.6798198476856931,0.8128384737735487,736,608,608,487,608,128,True,0,benchmark_set_all_modes/answer_only_sft/mistral7b/e2e/final_only/sft/final/detailed_results.json
benchmark_set_all_modes,answer_only_sft,answer_only_sft,mistral7b,e2e,minimal,sft,1.0,0.9983552631578947,0.9991769547325102,0.9922480620155039,1.0,0.9961089494163424,0.998641304347826,0.6683778234086243,0.8256304824561403,0.7351973684210527,0.6491386585278522,0.6002168117829517,0.6850012193590622,0.8070956572545819,736,608,608,487,608,128,True,0,benchmark_set_all_modes/answer_only_sft/mistral7b/e2e/minimal/sft/final/detailed_results.json
benchmark_set_all_modes,answer_only_sft,answer_only_sft,qwen7b,e2e,final_only,sft,0.99830220713073,0.9671052631578947,0.982456140350877,0.8639455782312925,0.9921875,0.9236363636363637,0.9714673913043478,0.6519507186858317,0.8123973727422004,0.7619047619047619,0.6249297390579828,0.5962811151249905,0.6720567874712414,0.8021772484209178,736,609,609,487,609,127,True,0,benchmark_set_all_modes/answer_only_sft/qwen7b/e2e/final_only/sft/final/detailed_results.json
benchmark_set_all_modes,answer_only_sft,answer_only_sft,qwen7b,e2e,minimal,sft,0.9982698961937716,0.9490131578947368,0.9730185497470489,0.8037974683544303,0.9921875,0.8881118881118881,0.9565217391304348,0.6427104722792608,0.7933771209633279,0.7717569786535303,0.6117631718527209,0.5978616883673264,0.6722384620788591,0.795215780410792,736,609,609,487,609,127,True,0,benchmark_set_all_modes/answer_only_sft/qwen7b/e2e/minimal/sft/final/detailed_results.json
benchmark_set_all_modes,standard_benchmark,standard,llama8b,e2e,minimal,baseline,0.8267394270122783,0.9967105263157895,0.9038031319910516,0.3333333333333333,0.0078125,0.015267175572519083,0.8247282608695652,0.7104722792607803,0.07369614512471655,0.7428571428571429,0.05512854516883277,0.028919613937546062,0.01758942020160514,0.6077071748084228,736,735,735,487,735,1,True,0,benchmark_set_all_modes/llama8b/e2e/minimal/baseline/final/detailed_results.json
benchmark_set_all_modes,standard_benchmark,standard,llama8b,e2e,minimal,sft,0.9983108108108109,0.9720394736842105,0.985,0.8819444444444444,0.9921875,0.9338235294117647,0.9755434782608695,0.7135523613963038,0.8574165298303229,0.7947454844006568,0.6944219911897991,0.6717887426172939,0.7316247694609691,0.837678593906821,736,609,609,487,609,127,True,0,benchmark_set_all_modes/llama8b/e2e/minimal/sft/final/detailed_results.json
benchmark_set_all_modes,standard_benchmark,standard,llama8b,e2e,runtime,baseline,0.8278688524590164,0.9967105263157895,0.9044776119402985,0.5,0.015625,0.030303030303030304,0.8260869565217391,0.7197125256673511,0.8971162579473206,0.7506811989100818,0.7464831901485806,0.510490173621073,0.33499547720034467,0.8179968986162629,736,734,734,487,734,2,True,0,benchmark_set_all_modes/llama8b/e2e/runtime/baseline/final/detailed_results.json
benchmark_set_all_modes,standard_benchmark,standard,llama8b,e2e,runtime,sft,0.9983079526226735,0.9703947368421053,0.9841534612176815,0.8758620689655172,0.9921875,0.9304029304029304,0.9741847826086957,0.7053388090349076,0.8490695128626162,0.80623973727422,0.6901222903619407,0.672990852416819,0.7478111293035392,0.8362003800973563,736,609,609,487,609,127,True,0,benchmark_set_all_modes/llama8b/e2e/runtime/sft/final/detailed_results.json
benchmark_set_all_modes,standard_benchmark,standard,llama8b,e2e,strict,baseline,0.8441971383147854,0.8733552631578947,0.8585286984640259,0.2803738317757009,0.234375,0.2553191489361702,0.7622282608695652,0.6344969199178645,0.7053756913530284,0.7209631728045326,0.576568905269496,0.4262925695492893,0.36268241593039413,0.7298411206348628,736,706,706,487,706,30,True,0,benchmark_set_all_modes/llama8b/e2e/strict/baseline/final/detailed_results.json
benchmark_set_all_modes,standard_benchmark,standard,llama8b,e2e,strict,sft,0.9966216216216216,0.9703947368421053,0.9833333333333334,0.875,0.984375,0.9264705882352942,0.9728260869565217,0.7268993839835729,0.851639344262295,0.8049180327868852,0.7061099589430458,0.6800766576748118,0.7439114748024485,0.8416975235915216,736,610,610,487,610,126,True,0,benchmark_set_all_modes/llama8b/e2e/strict/sft/final/detailed_results.json
benchmark_set_all_modes,standard_benchmark,standard,llama8b,oracle_both,minimal,baseline,0.8283378746594006,1.0,0.9061102831594635,1.0,0.015625,0.03076923076923077,0.8288043478260869,0.6232032854209446,0.1562897366030881,0.555858310626703,0.12792054562379354,0.07934864816268197,0.06906535214139883,0.5603654039525499,736,734,734,487,734,2,True,0,benchmark_set_all_modes/llama8b/oracle_both/minimal/baseline/final/detailed_results.json
benchmark_set_all_modes,standard_benchmark,standard,llama8b,oracle_both,minimal,sft,0.9702479338842975,0.9654605263157895,0.967848309975268,0.8396946564885496,0.859375,0.8494208494208494,0.9470108695652174,0.7032854209445585,0.8742012779552716,0.7779552715654952,0.7079568312863367,0.6457928848203651,0.6578480186971948,0.8308225701101483,736,626,626,487,626,110,True,0,benchmark_set_all_modes/llama8b/oracle_both/minimal/sft/final/detailed_results.json
benchmark_set_all_modes,standard_benchmark,standard,llama8b,oracle_both,runtime,baseline,0.907563025210084,0.8881578947368421,0.8977556109725686,0.5177304964539007,0.5703125,0.5427509293680297,0.8328804347826086,0.6991786447638604,0.5872046254399196,0.8174962292609351,0.49029573750150013,0.4356820690007874,0.47906931163313055,0.7504087776093209,736,663,663,487,663,73,True,0,benchmark_set_all_modes/llama8b/oracle_both/runtime/baseline/final/detailed_results.json
benchmark_set_all_modes,standard_benchmark,standard,llama8b,oracle_both,runtime,sft,0.9900166389351082,0.9786184210526315,0.9842845326716295,0.9037037037037037,0.953125,0.9277566539923955,0.9741847826086957,0.7402464065708418,0.8971226927252984,0.8192182410423453,0.7426931915721201,0.7038221586735312,0.7533879507854403,0.8602179682525288,736,614,614,487,614,122,True,0,benchmark_set_all_modes/llama8b/oracle_both/runtime/sft/final/detailed_results.json
benchmark_set_all_modes,standard_benchmark,standard,llama8b,oracle_both,strict,baseline,0.8412162162162162,0.819078947368421,0.83,0.2361111111111111,0.265625,0.24999999999999994,0.7228260869565217,0.6745379876796714,0.5819563152896485,0.7863247863247863,0.5116027392609364,0.43242860692255486,0.3752002743413413,0.7182047723235265,736,702,702,487,702,34,True,0,benchmark_set_all_modes/llama8b/oracle_both/strict/baseline/final/detailed_results.json
benchmark_set_all_modes,standard_benchmark,standard,llama8b,oracle_both,strict,sft,0.9867768595041322,0.9819078947368421,0.9843363561417973,0.916030534351145,0.9375,0.9266409266409266,0.9741847826086957,0.7484599589322382,0.8927218614718614,0.8084415584415584,0.7406869069500535,0.6886009176900604,0.7284541837121764,0.8584899337468638,736,616,616,487,616,120,True,0,benchmark_set_all_modes/llama8b/oracle_both/strict/sft/final/detailed_results.json
benchmark_set_all_modes,standard_benchmark,standard,llama8b,oracle_conflict,minimal,baseline,0.8250688705234159,0.9851973684210527,0.8980509745127435,0.1,0.0078125,0.014492753623188406,0.8152173913043478,0.635523613963039,0.11149659863945578,0.6680272108843538,0.08057884765547643,0.05039455207354974,0.05606115964713585,0.578274599499898,736,735,735,487,735,1,True,0,benchmark_set_all_modes/llama8b/oracle_conflict/minimal/baseline/final/detailed_results.json
benchmark_set_all_modes,standard_benchmark,standard,llama8b,oracle_conflict,minimal,sft,0.9982817869415808,0.9555921052631579,0.976470588235294,0.8246753246753247,0.9921875,0.900709219858156,0.9619565217391305,0.6950718685831622,0.8423645320197044,0.8160919540229885,0.680175390712524,0.6698104586770235,0.7250176467054384,0.8324997357152872,736,609,609,487,609,127,True,0,benchmark_set_all_modes/llama8b/oracle_conflict/minimal/sft/final/detailed_results.json
benchmark_set_all_modes,standard_benchmark,standard,llama8b,oracle_conflict,runtime,baseline,0.8366336633663366,0.8338815789473685,0.8352553542009885,0.2230769230769231,0.2265625,0.2248062015503876,0.7282608695652174,0.5770020533880903,0.3907355021216407,0.7751060820367751,0.3215206290632557,0.2580910806855305,0.29158305775024895,0.6445247479368736,736,707,707,487,707,29,True,0,benchmark_set_all_modes/llama8b/oracle_conflict/runtime/baseline/final/detailed_results.json
benchmark_set_all_modes,standard_benchmark,standard,llama8b,oracle_conflict,runtime,sft,0.9983050847457627,0.96875,0.98330550918197,0.8698630136986302,0.9921875,0.927007299270073,0.9728260869565217,0.704312114989733,0.8529009304871373,0.8078817733990148,0.6864400145494035,0.6785842544208964,0.7364539995106649,0.8371000820144638,736,609,609,487,609,127,True,0,benchmark_set_all_modes/llama8b/oracle_conflict/runtime/sft/final/detailed_results.json
benchmark_set_all_modes,standard_benchmark,standard,llama8b,oracle_conflict,strict,baseline,0.8387096774193549,0.8980263157894737,0.8673550436854648,0.27058823529411763,0.1796875,0.21596244131455397,0.7730978260869565,0.6078028747433265,0.3489113738061845,0.6577840112201964,0.29250527635036144,0.2566044502964905,0.22605317084515616,0.620463325863793,736,713,713,487,713,23,True,0,benchmark_set_all_modes/llama8b/oracle_conflict/strict/baseline/final/detailed_results.json
benchmark_set_all_modes,standard_benchmark,standard,llama8b,oracle_conflict,strict,sft,0.9966273187183811,0.9720394736842105,0.984179850124896,0.8811188811188811,0.984375,0.9298892988929889,0.9741847826086957,0.7104722792607803,0.8443442622950819,0.8098360655737705,0.6896806245359939,0.6771734584628688,0.7350487672119718,0.8372081143136321,736,610,610,487,610,126,True,0,benchmark_set_all_modes/llama8b/oracle_conflict/strict/sft/final/detailed_results.json
benchmark_set_all_modes,standard_benchmark,standard,llama8b,oracle_notes,minimal,baseline,0.8283378746594006,1.0,0.9061102831594635,1.0,0.015625,0.03076923076923077,0.8288043478260869,0.6314168377823408,0.15928701180744778,0.6049046321525886,0.12144442553062626,0.07734173656830681,0.06680938467542988,0.5754296912254602,736,734,734,487,734,2,True,0,benchmark_set_all_modes/llama8b/oracle_notes/minimal/baseline/final/detailed_results.json
benchmark_set_all_modes,standard_benchmark,standard,llama8b,oracle_notes,minimal,sft,0.9915110356536503,0.9605263157894737,0.9757727652464494,0.8367346938775511,0.9609375,0.8945454545454545,0.9605978260869565,0.7176591375770021,0.8685426862425231,0.7879282218597063,0.7079186874905448,0.6658170330162798,0.7028752554253116,0.8374757027314202,736,613,613,487,613,123,True,0,benchmark_set_all_modes/llama8b/oracle_notes/minimal/sft/final/detailed_results.json
benchmark_set_all_modes,standard_benchmark,standard,llama8b,oracle_notes,runtime,baseline,0.9298245614035088,0.8717105263157895,0.899830220713073,0.5301204819277109,0.6875,0.598639455782313,0.8396739130434783,0.6817248459958932,0.6754115226337448,0.8209876543209876,0.5502585460679249,0.4835670082298748,0.5216493238833053,0.7694885609159247,736,648,648,487,648,88,True,0,benchmark_set_all_modes/llama8b/oracle_notes/runtime/baseline/final/detailed_results.json
benchmark_set_all_modes,standard_benchmark,standard,llama8b,oracle_notes,runtime,sft,0.9933444259567388,0.9819078947368421,0.9875930521091812,0.9185185185185185,0.96875,0.9429657794676807,0.9796195652173914,0.7494866529774127,0.9022331154684096,0.8186274509803921,0.751248450969048,0.7105194067247014,0.7656633569373105,0.8644850678838489,736,612,612,487,612,124,True,0,benchmark_set_all_modes/llama8b/oracle_notes/runtime/sft/final/detailed_results.json
benchmark_set_all_modes,standard_benchmark,standard,llama8b,oracle_notes,strict,baseline,0.8879598662207357,0.8733552631578947,0.880597014925373,0.4420289855072464,0.4765625,0.4586466165413534,0.8043478260869565,0.6919917864476386,0.7104232804232804,0.7674074074074074,0.6096686134869191,0.5029888013096603,0.49279489196935095,0.7626048723009249,736,675,675,487,675,61,True,0,benchmark_set_all_modes/llama8b/oracle_notes/strict/baseline/final/detailed_results.json
benchmark_set_all_modes,standard_benchmark,standard,llama8b,oracle_notes,strict,sft,0.9932885906040269,0.9736842105263158,0.9833887043189369,0.8857142857142857,0.96875,0.9253731343283582,0.9728260869565217,0.7453798767967146,0.8879357298474945,0.8251633986928104,0.7367858828589638,0.6990594219887186,0.7559257239687153,0.8604669274139891,736,612,612,487,612,124,True,0,benchmark_set_all_modes/llama8b/oracle_notes/strict/sft/final/detailed_results.json
benchmark_set_all_modes,standard_benchmark,standard,mistral7b,e2e,minimal,baseline,0.8256130790190735,0.9967105263157895,0.903129657228018,0.0,0.0,0.0,0.8233695652173914,0.7002053388090349,0.07946105072463769,0.7269021739130435,0.07297712205902186,0.047677143694675385,0.024724259775125705,0.6024245551686835,736,736,736,487,736,0,True,0,benchmark_set_all_modes/mistral7b/e2e/minimal/baseline/final/detailed_results.json
benchmark_set_all_modes,standard_benchmark,standard,mistral7b,e2e,minimal,sft,1.0,0.9194078947368421,0.958011996572408,0.7231638418079096,1.0,0.839344262295082,0.9334239130434783,0.6273100616016427,0.791968201754386,0.7861842105263158,0.6204029967417335,0.6082115122551748,0.662849070029327,0.7908686176136881,736,608,608,487,608,128,True,0,benchmark_set_all_modes/mistral7b/e2e/minimal/sft/final/detailed_results.json
benchmark_set_all_modes,standard_benchmark,standard,mistral7b,e2e,runtime,baseline,0.8409090909090909,0.9736842105263158,0.9024390243902439,0.5,0.125,0.2,0.8260869565217391,0.5903490759753593,0.7393287037037036,0.6763888888888889,0.5661527676193385,0.39765889531191745,0.2994419745288359,0.7271264232395489,736,720,720,487,720,16,True,0,benchmark_set_all_modes/mistral7b/e2e/runtime/baseline/final/detailed_results.json
benchmark_set_all_modes,standard_benchmark,standard,mistral7b,e2e,runtime,sft,1.0,0.9144736842105263,0.9553264604810997,0.7111111111111111,1.0,0.8311688311688311,0.9293478260869565,0.6129363449691991,0.7620614035087719,0.7598684210526315,0.5926738746178654,0.5869260559655728,0.6571354124043014,0.7725481575029256,736,608,608,487,608,128,True,0,benchmark_set_all_modes/mistral7b/e2e/runtime/sft/final/detailed_results.json
benchmark_set_all_modes,standard_benchmark,standard,mistral7b,e2e,strict,baseline,0.8590116279069767,0.9720394736842105,0.912037037037037,0.6458333333333334,0.2421875,0.3522727272727273,0.845108695652174,0.5626283367556468,0.6241252955082742,0.6595744680851063,0.4886283586112394,0.37834634856360555,0.3031556723709632,0.6895912843465162,736,705,705,487,705,31,True,0,benchmark_set_all_modes/mistral7b/e2e/strict/baseline/final/detailed_results.json
benchmark_set_all_modes,standard_benchmark,standard,mistral7b,e2e,strict,sft,1.0,0.9111842105263158,0.9535283993115318,0.7032967032967034,1.0,0.8258064516129032,0.9266304347826086,0.6437371663244353,0.7955043859649122,0.7927631578947368,0.6315353773206231,0.6199205184037021,0.6769195621644394,0.796383277373904,736,608,608,487,608,128,True,0,benchmark_set_all_modes/mistral7b/e2e/strict/sft/final/detailed_results.json
benchmark_set_all_modes,standard_benchmark,standard,mistral7b,oracle_both,minimal,baseline,0.8260869565217391,1.0,0.9047619047619047,0.0,0.0,0.0,0.8260869565217391,0.606776180698152,0.2099864130434783,0.5434782608695652,0.1854187787217851,0.14747496420767495,0.11450327656873968,0.5662506898432751,736,736,736,487,736,0,True,0,benchmark_set_all_modes/mistral7b/oracle_both/minimal/baseline/final/detailed_results.json
benchmark_set_all_modes,standard_benchmark,standard,mistral7b,oracle_both,minimal,sft,0.9947183098591549,0.9292763157894737,0.9608843537414966,0.7440476190476191,0.9765625,0.8445945945945945,0.9375,0.6796714579055442,0.8249863611565739,0.8036006546644845,0.6655618898066817,0.6469281210986251,0.7053643291381012,0.8172857068670247,736,611,611,487,611,125,True,0,benchmark_set_all_modes/mistral7b/oracle_both/minimal/sft/final/detailed_results.json
benchmark_set_all_modes,standard_benchmark,standard,mistral7b,oracle_both,runtime,baseline,0.8362573099415205,0.9407894736842105,0.8854489164086689,0.3076923076923077,0.125,0.17777777777777778,0.7989130434782609,0.6273100616016427,0.29833002645502643,0.7194444444444444,0.2540133383945016,0.22058671562266183,0.193113110030643,0.6326333622274456,736,720,720,487,720,16,True,0,benchmark_set_all_modes/mistral7b/oracle_both/runtime/baseline/final/detailed_results.json
benchmark_set_all_modes,standard_benchmark,standard,mistral7b,oracle_both,runtime,sft,0.9965095986038395,0.9391447368421053,0.9669771380186284,0.7730061349693251,0.984375,0.865979381443299,0.9470108695652174,0.662217659137577,0.8310109289617486,0.7852459016393443,0.6614728161522166,0.6432965643961898,0.6929747443437037,0.8113629069393246,736,610,610,487,610,126,True,0,benchmark_set_all_modes/mistral7b/oracle_both/runtime/sft/final/detailed_results.json
benchmark_set_all_modes,standard_benchmark,standard,mistral7b,oracle_both,strict,baseline,0.8383838383838383,0.9555921052631579,0.8931591083781706,0.37209302325581395,0.125,0.1871345029239766,0.811141304347826,0.6416837782340863,0.5823776455026455,0.6944444444444444,0.4748906454695817,0.40242757277944785,0.3370662944910641,0.7029162441398367,736,720,720,487,720,16,True,0,benchmark_set_all_modes/mistral7b/oracle_both/strict/baseline/final/detailed_results.json
benchmark_set_all_modes,standard_benchmark,standard,mistral7b,oracle_both,strict,sft,0.998211091234347,0.9177631578947368,0.9562982005141388,0.7175141242937854,0.9921875,0.8327868852459016,0.9307065217391305,0.6519507186858317,0.8070607553366174,0.7898193760262726,0.6470495142721093,0.6249929970333011,0.6916543292822765,0.8012822626407151,736,609,609,487,609,127,True,0,benchmark_set_all_modes/mistral7b/oracle_both/strict/sft/final/detailed_results.json
benchmark_set_all_modes,standard_benchmark,standard,mistral7b,oracle_conflict,minimal,baseline,0.8260869565217391,1.0,0.9047619047619047,0.0,0.0,0.0,0.8260869565217391,0.5400410677618069,0.1804800724637681,0.5652173913043478,0.15441297255636655,0.1353513731688886,0.09412903288832869,0.5476251090729568,736,736,736,487,736,0,True,0,benchmark_set_all_modes/mistral7b/oracle_conflict/minimal/baseline/final/detailed_results.json
benchmark_set_all_modes,standard_benchmark,standard,mistral7b,oracle_conflict,minimal,sft,1.0,0.9194078947368421,0.958011996572408,0.7231638418079096,1.0,0.839344262295082,0.9334239130434783,0.6365503080082136,0.7874177631578947,0.8026315789473685,0.6076230826913552,0.6118757476143284,0.6743727690700636,0.7961529116714712,736,608,608,487,608,128,True,0,benchmark_set_all_modes/mistral7b/oracle_conflict/minimal/sft/final/detailed_results.json
benchmark_set_all_modes,standard_benchmark,standard,mistral7b,oracle_conflict,runtime,baseline,0.8363914373088684,0.899671052631579,0.8668779714738511,0.25609756097560976,0.1640625,0.19999999999999998,0.7717391304347826,0.5143737166324436,0.2962737262737263,0.7062937062937062,0.23342535590868171,0.1995829065397034,0.1890194671439637,0.5959547801684318,736,715,715,487,715,21,True,0,benchmark_set_all_modes/mistral7b/oracle_conflict/runtime/baseline/final/detailed_results.json
benchmark_set_all_modes,standard_benchmark,standard,mistral7b,oracle_conflict,runtime,sft,1.0,0.9194078947368421,0.958011996572408,0.7231638418079096,1.0,0.839344262295082,0.9334239130434783,0.6262833675564682,0.7765899122807017,0.7730263157894737,0.6049323169140236,0.5967756883748145,0.6688051431886237,0.7834778980497629,736,608,608,487,608,128,True,0,benchmark_set_all_modes/mistral7b/oracle_conflict/runtime/sft/final/detailed_results.json
benchmark_set_all_modes,standard_benchmark,standard,mistral7b,oracle_conflict,strict,baseline,0.8622848200312989,0.90625,0.8837209302325582,0.41237113402061853,0.3125,0.3555555555555555,0.8029891304347826,0.5862422997946611,0.2592193486590038,0.7313218390804598,0.20608678892425492,0.20223173508627923,0.24484102076797937,0.6151261044416707,736,696,696,487,696,40,True,0,benchmark_set_all_modes/mistral7b/oracle_conflict/strict/baseline/final/detailed_results.json
benchmark_set_all_modes,standard_benchmark,standard,mistral7b,oracle_conflict,strict,sft,1.0,0.8980263157894737,0.9462738301559792,0.6736842105263158,1.0,0.8050314465408805,0.9157608695652174,0.6119096509240246,0.7494517543859649,0.787828947368421,0.5871951277135316,0.5915306415495073,0.6624912205003588,0.7738660457085975,736,608,608,487,608,128,True,0,benchmark_set_all_modes/mistral7b/oracle_conflict/strict/sft/final/detailed_results.json
benchmark_set_all_modes,standard_benchmark,standard,mistral7b,oracle_notes,minimal,baseline,0.8269754768392371,0.9983552631578947,0.9046199701937409,0.5,0.0078125,0.015384615384615385,0.8260869565217391,0.6940451745379876,0.21977324263038545,0.6789115646258503,0.18856522071055185,0.1466666319214278,0.10299584117451781,0.6243374879969911,736,735,735,487,735,1,True,0,benchmark_set_all_modes/mistral7b/oracle_notes/minimal/baseline/final/detailed_results.json
benchmark_set_all_modes,standard_benchmark,standard,mistral7b,oracle_notes,minimal,sft,0.9947368421052631,0.9325657894736842,0.962648556876061,0.7530120481927711,0.9765625,0.8503401360544217,0.9402173913043478,0.6663244353182751,0.8229950900163665,0.7872340425531915,0.6536753091584504,0.6239966983428753,0.6927543529409432,0.8098005311909735,736,611,611,487,611,125,True,0,benchmark_set_all_modes/mistral7b/oracle_notes/minimal/sft/final/detailed_results.json
benchmark_set_all_modes,standard_benchmark,standard,mistral7b,oracle_notes,runtime,baseline,0.8569254185692542,0.9259868421052632,0.8901185770750988,0.43037974683544306,0.265625,0.32850241545893716,0.811141304347826,0.6057494866529775,0.3869895536562203,0.6225071225071225,0.3273219871711874,0.2858610483061751,0.25572351663571724,0.6263411849728547,736,702,702,487,702,34,True,0,benchmark_set_all_modes/mistral7b/oracle_notes/runtime/baseline/final/detailed_results.json
benchmark_set_all_modes,standard_benchmark,standard,mistral7b,oracle_notes,runtime,sft,0.9947643979057592,0.9375,0.9652836579170194,0.7668711656441718,0.9765625,0.859106529209622,0.9442934782608695,0.6704312114989733,0.828014184397163,0.7774140752864157,0.6738705120066354,0.6363579561143388,0.6892036453213498,0.8102857822748928,736,611,611,487,611,125,True,0,benchmark_set_all_modes/mistral7b/oracle_notes/runtime/sft/final/detailed_results.json
benchmark_set_all_modes,standard_benchmark,standard,mistral7b,oracle_notes,strict,baseline,0.8425531914893617,0.9769736842105263,0.9047981721249049,0.5483870967741935,0.1328125,0.2138364779874214,0.8301630434782609,0.6591375770020534,0.6146234849990065,0.6675938803894298,0.5222148505706692,0.4125199385558897,0.3188889031432157,0.7115382786288487,736,719,719,487,719,17,True,0,benchmark_set_all_modes/mistral7b/oracle_notes/strict/baseline/final/detailed_results.json
benchmark_set_all_modes,standard_benchmark,standard,mistral7b,oracle_notes,strict,sft,0.9963898916967509,0.9078947368421053,0.9500860585197934,0.6923076923076923,0.984375,0.8129032258064516,0.9211956521739131,0.6375770020533881,0.8106557377049181,0.7934426229508197,0.6336901018815199,0.6212119979638157,0.6857425307368292,0.7979403553072298,736,610,610,487,610,126,True,0,benchmark_set_all_modes/mistral7b/oracle_notes/strict/sft/final/detailed_results.json
benchmark_set_all_modes,standard_benchmark,standard,qwen32b,e2e,minimal,baseline,0.8269754768392371,0.9983552631578947,0.9046199701937409,0.5,0.0078125,0.015384615384615385,0.8260869565217391,0.7731006160164271,0.10811791383219956,0.746938775510204,0.10517408700108391,0.08615435951061128,0.05678474418979692,0.6331943188881428,736,735,735,487,735,1,True,0,benchmark_set_all_modes/qwen32b/e2e/minimal/baseline/final/detailed_results.json
benchmark_set_all_modes,standard_benchmark,standard,qwen32b,e2e,minimal,sft,1.0,0.9588815789473685,0.979009235936188,0.8366013071895425,1.0,0.9110320284697508,0.9660326086956522,0.7381930184804928,0.821984649122807,0.8092105263157895,0.6872045399039528,0.651992795429763,0.7162887256497842,0.8370993574638192,736,608,608,487,608,128,True,0,benchmark_set_all_modes/qwen32b/e2e/minimal/sft/final/detailed_results.json
benchmark_set_all_modes,standard_benchmark,standard,qwen32b,e2e,runtime,baseline,0.8635703918722787,0.9786184210526315,0.9175019275250578,0.723404255319149,0.265625,0.38857142857142857,0.8546195652173914,0.7802874743326489,0.8642653642653642,0.7991452991452992,0.7597419448701885,0.6002279306671501,0.4546153943421176,0.8403000163170926,736,702,702,487,702,34,True,0,benchmark_set_all_modes/qwen32b/e2e/runtime/baseline/final/detailed_results.json
benchmark_set_all_modes,standard_benchmark,standard,qwen32b,e2e,runtime,sft,1.0,0.9539473684210527,0.9764309764309764,0.8205128205128205,1.0,0.9014084507042254,0.9619565217391305,0.757700205338809,0.8135964912280702,0.8042763157894737,0.7006885366289431,0.658325007081433,0.7163870664822567,0.8380009971968323,736,608,608,487,608,128,True,0,benchmark_set_all_modes/qwen32b/e2e/runtime/sft/final/detailed_results.json
benchmark_set_all_modes,standard_benchmark,standard,qwen32b,e2e,strict,baseline,0.860431654676259,0.9835526315789473,0.9178818112049117,0.7560975609756098,0.2421875,0.3668639053254438,0.8546195652173914,0.7330595482546202,0.851111111111111,0.7886524822695036,0.7238482477560879,0.5739294670629375,0.4317156981814219,0.8226762382100367,736,705,705,487,705,31,True,0,benchmark_set_all_modes/qwen32b/e2e/strict/baseline/final/detailed_results.json
benchmark_set_all_modes,standard_benchmark,standard,qwen32b,e2e,strict,sft,1.0,0.9555921052631579,0.977291841883936,0.8258064516129032,1.0,0.9045936395759718,0.9633152173913043,0.7494866529774127,0.8122258771929824,0.8207236842105263,0.6858725121907101,0.6606712054552145,0.7073943732342693,0.8399320140662143,736,608,608,487,608,128,True,0,benchmark_set_all_modes/qwen32b/e2e/strict/sft/final/detailed_results.json
benchmark_set_all_modes,standard_benchmark,standard,qwen32b,oracle_both,minimal,baseline,0.8328767123287671,1.0,0.9088191330343797,1.0,0.046875,0.08955223880597014,0.8342391304347826,0.7248459958932238,0.10901174168297455,0.7178082191780822,0.10432780420810107,0.08612420945762454,0.08281320846616787,0.6151212724471651,736,730,730,487,730,6,True,0,benchmark_set_all_modes/qwen32b/oracle_both/minimal/baseline/final/detailed_results.json
benchmark_set_all_modes,standard_benchmark,standard,qwen32b,oracle_both,minimal,sft,0.9900497512437811,0.9819078947368421,0.985962014863749,0.9172932330827067,0.953125,0.9348659003831417,0.9769021739130435,0.7351129363449692,0.8778501628664495,0.8127035830618893,0.7235627905779167,0.6751628258401726,0.7284280486668047,0.8529071742842642,736,614,614,487,614,122,True,0,benchmark_set_all_modes/qwen32b/oracle_both/minimal/sft/final/detailed_results.json
benchmark_set_all_modes,standard_benchmark,standard,qwen32b,oracle_both,runtime,baseline,0.8878648233486943,0.9506578947368421,0.9181890389197777,0.6470588235294118,0.4296875,0.5164319248826292,0.8600543478260869,0.7515400410677618,0.7567932312425705,0.8443465491923642,0.6708992682141696,0.6167176401829313,0.5311584346453923,0.8177172151056186,736,681,681,487,681,55,True,0,benchmark_set_all_modes/qwen32b/oracle_both/runtime/baseline/final/detailed_results.json
benchmark_set_all_modes,standard_benchmark,standard,qwen32b,oracle_both,runtime,sft,0.9898648648648649,0.9638157894736842,0.9766666666666667,0.8472222222222222,0.953125,0.8970588235294118,0.9619565217391305,0.7535934291581109,0.8714712269272529,0.8469055374592834,0.7384501976231634,0.6929612263404977,0.7335714383193748,0.8621592150528284,736,614,614,487,614,122,True,0,benchmark_set_all_modes/qwen32b/oracle_both/runtime/sft/final/detailed_results.json
benchmark_set_all_modes,standard_benchmark,standard,qwen32b,oracle_both,strict,baseline,0.8597997138769671,0.9884868421052632,0.9196633511859219,0.8108108108108109,0.234375,0.3636363636363636,0.8573369565217391,0.8049281314168378,0.8404256036692297,0.8116147308781869,0.7528180001680094,0.6241288537370054,0.5093352001666436,0.8441579542875441,736,706,706,487,706,30,True,0,benchmark_set_all_modes/qwen32b/oracle_both/strict/baseline/final/detailed_results.json
benchmark_set_all_modes,standard_benchmark,standard,qwen32b,oracle_both,strict,sft,0.996551724137931,0.9506578947368421,0.9730639730639731,0.8076923076923077,0.984375,0.8873239436619719,0.9565217391304348,0.7361396303901437,0.8426229508196721,0.8180327868852459,0.7109016733715638,0.663361161511369,0.7148663720678661,0.8424648352897587,736,610,610,487,610,126,True,0,benchmark_set_all_modes/qwen32b/oracle_both/strict/sft/final/detailed_results.json
benchmark_set_all_modes,standard_benchmark,standard,qwen32b,oracle_conflict,minimal,baseline,0.8283378746594006,1.0,0.9061102831594635,1.0,0.015625,0.03076923076923077,0.8288043478260869,0.6468172484599589,0.05276696509666537,0.6975476839237057,0.05157233320514502,0.053103859111223214,0.04024002103874402,0.5758105451599483,736,734,734,487,734,2,True,0,benchmark_set_all_modes/qwen32b/oracle_conflict/minimal/baseline/final/detailed_results.json
benchmark_set_all_modes,standard_benchmark,standard,qwen32b,oracle_conflict,minimal,sft,0.9982993197278912,0.9654605263157895,0.9816053511705687,0.8581081081081081,0.9921875,0.9202898550724637,0.970108695652174,0.7720739219712526,0.004105090311986864,0.8160919540229885,0.0016420361247947454,0.17391304347826086,0.39889496468443836,0.6434690793691992,736,609,609,487,609,127,True,0,benchmark_set_all_modes/qwen32b/oracle_conflict/minimal/sft/final/detailed_results.json
benchmark_set_all_modes,standard_benchmark,standard,qwen32b,oracle_conflict,runtime,baseline,0.8892405063291139,0.9243421052631579,0.9064516129032257,0.5576923076923077,0.453125,0.5,0.842391304347826,0.7351129363449692,0.13466076696165188,0.8731563421828908,0.12881470350154914,0.19522901269876183,0.2854589080459919,0.6623454145981844,736,678,678,487,678,58,True,0,benchmark_set_all_modes/qwen32b/oracle_conflict/runtime/baseline/final/detailed_results.json
benchmark_set_all_modes,standard_benchmark,standard,qwen32b,oracle_conflict,runtime,sft,1.0,0.9588815789473685,0.979009235936188,0.8366013071895425,1.0,0.9110320284697508,0.9660326086956522,0.7515400410677618,0.004660087719298245,0.8223684210526315,0.0030153508771929823,0.176856884057971,0.401627886002886,0.6393944464439699,736,608,608,487,608,128,True,0,benchmark_set_all_modes/qwen32b/oracle_conflict/runtime/sft/final/detailed_results.json
benchmark_set_all_modes,standard_benchmark,standard,qwen32b,oracle_conflict,strict,baseline,0.8543140028288543,0.993421052631579,0.9186311787072243,0.8620689655172413,0.1953125,0.3184713375796178,0.8546195652173914,0.7515400410677618,0.7916214587100663,0.8354430379746836,0.6877756188909991,0.5936416254171181,0.4099689813592934,0.824308929114934,736,711,711,487,711,25,True,0,benchmark_set_all_modes/qwen32b/oracle_conflict/strict/baseline/final/detailed_results.json
benchmark_set_all_modes,standard_benchmark,standard,qwen32b,oracle_conflict,strict,sft,1.0,0.9457236842105263,0.9721048182586645,0.7950310559006211,1.0,0.8858131487889273,0.9551630434782609,0.7381930184804928,0.001644736842105263,0.8207236842105263,0.0,0.17391304347826086,0.4,0.6331665644479472,736,608,608,487,608,128,True,0,benchmark_set_all_modes/qwen32b/oracle_conflict/strict/sft/final/detailed_results.json
benchmark_set_all_modes,standard_benchmark,standard,qwen32b,oracle_notes,minimal,baseline,0.831275720164609,0.9967105263157895,0.906507105459985,0.7142857142857143,0.0390625,0.07407407407407407,0.8301630434782609,0.7361396303901437,0.12186502507979934,0.6976744186046512,0.11749426105777704,0.09284013509116956,0.09655430467061629,0.6155465448836448,736,731,731,487,731,5,True,0,benchmark_set_all_modes/qwen32b/oracle_notes/minimal/baseline/final/detailed_results.json
benchmark_set_all_modes,standard_benchmark,standard,qwen32b,oracle_notes,minimal,sft,0.9916247906197655,0.9736842105263158,0.9825726141078839,0.8848920863309353,0.9609375,0.9213483146067416,0.9714673913043478,0.7607802874743327,0.8784665579119086,0.8107667210440457,0.7447790495284232,0.6793523167680375,0.7210867562115896,0.8581465451345427,736,613,613,487,613,123,True,0,benchmark_set_all_modes/qwen32b/oracle_notes/minimal/sft/final/detailed_results.json
benchmark_set_all_modes,standard_benchmark,standard,qwen32b,oracle_notes,runtime,baseline,0.893455098934551,0.9654605263157895,0.9280632411067193,0.7341772151898734,0.453125,0.5603864734299517,0.876358695652174,0.7535934291581109,0.7969307487006603,0.7861356932153393,0.6995001242805268,0.5975312514072931,0.539337431578701,0.8161807780452074,736,678,678,487,678,58,True,0,benchmark_set_all_modes/qwen32b/oracle_notes/runtime/baseline/final/detailed_results.json
benchmark_set_all_modes,standard_benchmark,standard,qwen32b,oracle_notes,runtime,sft,0.9865996649916248,0.96875,0.9775933609958505,0.8633093525179856,0.9375,0.898876404494382,0.9633152173913043,0.7433264887063655,0.8800054112554111,0.8068181818181818,0.7336096602540652,0.6709370319064897,0.7149039293894764,0.8519358606939522,736,616,616,487,616,120,True,0,benchmark_set_all_modes/qwen32b/oracle_notes/runtime/sft/final/detailed_results.json
benchmark_set_all_modes,standard_benchmark,standard,qwen32b,oracle_notes,strict,baseline,0.8573446327683616,0.9983552631578947,0.9224924012158054,0.9642857142857143,0.2109375,0.3461538461538461,0.8614130434782609,0.7874743326488707,0.026774800188058296,0.7531734837799718,0.028092146941900487,0.059387728659868404,0.12112713816119128,0.6224787544581766,736,709,709,487,709,27,True,0,benchmark_set_all_modes/qwen32b/oracle_notes/strict/baseline/final/detailed_results.json
benchmark_set_all_modes,standard_benchmark,standard,qwen32b,oracle_notes,strict,sft,0.9914965986394558,0.9588815789473685,0.9749163879598662,0.831081081081081,0.9609375,0.8913043478260869,0.9592391304347826,0.7340862422997947,0.8560358890701468,0.8140293637846656,0.714237482375288,0.6634666140556539,0.7131088918273353,0.8447669707786183,736,613,613,487,613,123,True,0,benchmark_set_all_modes/qwen32b/oracle_notes/strict/sft/final/detailed_results.json
benchmark_set_all_modes,standard_benchmark,standard,qwen7b,e2e,minimal,baseline,0.8281036834924966,0.9983552631578947,0.9052945563012676,0.6666666666666666,0.015625,0.030534351145038167,0.8274456521739131,0.7566735112936345,0.031039963669391466,0.7370572207084468,0.03335213745044139,0.02226114250753247,0.016742337513650417,0.6075163129931851,736,734,734,487,734,2,True,0,benchmark_set_all_modes/qwen7b/e2e/minimal/baseline/final/detailed_results.json
benchmark_set_all_modes,standard_benchmark,standard,qwen7b,e2e,minimal,sft,0.978441127694859,0.9703947368421053,0.9744013212221305,0.8646616541353384,0.8984375,0.8812260536398469,0.9578804347826086,0.6858316221765913,0.8374932903918412,0.7681159420289855,0.680285288015008,0.6166724131279846,0.6586120648196581,0.8164605439548871,736,621,621,487,621,115,True,0,benchmark_set_all_modes/qwen7b/e2e/minimal/sft/final/detailed_results.json
benchmark_set_all_modes,standard_benchmark,standard,qwen7b,e2e,runtime,baseline,0.865040650406504,0.875,0.8699918233851185,0.371900826446281,0.3515625,0.3614457831325302,0.7839673913043478,0.6478439425051334,0.6510405898973193,0.768451519536903,0.5414757116522217,0.45292475423490225,0.37455005649334344,0.7343319688311185,736,691,691,487,691,45,True,0,benchmark_set_all_modes/qwen7b/e2e/runtime/baseline/final/detailed_results.json
benchmark_set_all_modes,standard_benchmark,standard,qwen7b,e2e,runtime,sft,0.9882747068676717,0.9703947368421053,0.9792531120331952,0.8705035971223022,0.9453125,0.906367041198502,0.9660326086956522,0.6930184804928131,0.8291327913279134,0.7739837398373983,0.6900059425270306,0.6293554284565406,0.6794261037329267,0.81884703092283,736,615,615,487,615,121,True,0,benchmark_set_all_modes/qwen7b/e2e/runtime/sft/final/detailed_results.json
benchmark_set_all_modes,standard_benchmark,standard,qwen7b,e2e,strict,baseline,0.9032921810699589,0.7220394736842105,0.8025594149908593,0.324,0.6328125,0.42857142857142855,0.7065217391304348,0.5605749486652978,0.6168447837150127,0.8106870229007633,0.5239786380600824,0.4497908326643828,0.45859902191380303,0.6976665425679833,736,655,655,487,655,81,True,0,benchmark_set_all_modes/qwen7b/e2e/strict/baseline/final/detailed_results.json
benchmark_set_all_modes,standard_benchmark,standard,qwen7b,e2e,strict,sft,0.9915824915824916,0.96875,0.9800332778702163,0.8661971830985915,0.9609375,0.9111111111111111,0.967391304347826,0.686858316221766,0.8383632408917889,0.7797716150081566,0.677315411582933,0.6298726386672419,0.6842821459676316,0.821256612497982,736,613,613,487,613,123,True,0,benchmark_set_all_modes/qwen7b/e2e/strict/sft/final/detailed_results.json
benchmark_set_all_modes,standard_benchmark,standard,qwen7b,oracle_both,minimal,baseline,0.8269754768392371,0.9983552631578947,0.9046199701937409,0.5,0.0078125,0.015384615384615385,0.8260869565217391,0.7299794661190965,0.10464852607709751,0.6503401360544218,0.11056091650869984,0.09610433465889201,0.07731794027937552,0.5973970246110891,736,735,735,487,735,1,True,0,benchmark_set_all_modes/qwen7b/oracle_both/minimal/baseline/final/detailed_results.json
benchmark_set_all_modes,standard_benchmark,standard,qwen7b,oracle_both,minimal,sft,0.9365325077399381,0.9950657894736842,0.9649122807017544,0.9666666666666667,0.6796875,0.7981651376146788,0.9402173913043478,0.742299794661191,0.9024139702105803,0.7904468412942989,0.7504858840515207,0.6369654982629671,0.6212304856588888,0.8500182217169562,736,649,649,487,649,87,True,0,benchmark_set_all_modes/qwen7b/oracle_both/minimal/sft/final/detailed_results.json
benchmark_set_all_modes,standard_benchmark,standard,qwen7b,oracle_both,runtime,baseline,0.8850102669404517,0.7088815789473685,0.7872146118721461,0.2891566265060241,0.5625,0.3819628647214854,0.6834239130434783,0.6303901437371663,0.15589859437751005,0.8795180722891566,0.13223222977801116,0.18764280203894412,0.3376432144278236,0.6132553555689948,736,664,664,487,664,72,True,0,benchmark_set_all_modes/qwen7b/oracle_both/runtime/baseline/final/detailed_results.json
benchmark_set_all_modes,standard_benchmark,standard,qwen7b,oracle_both,runtime,sft,0.9454828660436138,0.9983552631578947,0.9712,0.9893617021276596,0.7265625,0.8378378378378378,0.9510869565217391,0.7515400410677618,0.9082426127527217,0.7916018662519441,0.7566252453322839,0.6595707171936769,0.6374714040478936,0.8556461300181069,736,643,643,487,643,93,True,0,benchmark_set_all_modes/qwen7b/oracle_both/runtime/sft/final/detailed_results.json
benchmark_set_all_modes,standard_benchmark,standard,qwen7b,oracle_both,strict,baseline,0.9384965831435079,0.6776315789473685,0.7870105062082139,0.3400673400673401,0.7890625,0.4752941176470589,0.6970108695652174,0.5862422997946611,0.49501312335958003,0.8330708661417323,0.4344098835326373,0.4628777705337402,0.5192444799145081,0.6753341988760468,736,635,635,487,635,101,True,0,benchmark_set_all_modes/qwen7b/oracle_both/strict/baseline/final/detailed_results.json
benchmark_set_all_modes,standard_benchmark,standard,qwen7b,oracle_both,strict,sft,0.9570747217806042,0.9901315789473685,0.973322554567502,0.9439252336448598,0.7890625,0.8595744680851064,0.9551630434782609,0.7371663244353183,0.8854330708661418,0.7905511811023622,0.7363651754561126,0.6507950482437609,0.6579310797035904,0.8466182827428311,736,635,635,487,635,101,True,0,benchmark_set_all_modes/qwen7b/oracle_both/strict/sft/final/detailed_results.json
benchmark_set_all_modes,standard_benchmark,standard,qwen7b,oracle_conflict,minimal,baseline,0.8301369863013699,0.9967105263157895,0.9058295964125561,0.6666666666666666,0.03125,0.05970149253731343,0.8288043478260869,0.7135523613963038,0.02691256830601093,0.7062841530054644,0.022980105934470064,0.021511006920362424,0.01553190696032961,0.5881446697800838,736,732,732,487,732,4,True,0,benchmark_set_all_modes/qwen7b/oracle_conflict/minimal/baseline/final/detailed_results.json
benchmark_set_all_modes,standard_benchmark,standard,qwen7b,oracle_conflict,minimal,sft,0.9705400981996727,0.975328947368421,0.9729286300246103,0.88,0.859375,0.8695652173913043,0.9551630434782609,0.6950718685831622,0.854765708200213,0.7907348242811502,0.6936940488753324,0.6365200894849485,0.6699477418716867,0.8283752577722839,736,626,626,487,626,110,True,0,benchmark_set_all_modes/qwen7b/oracle_conflict/minimal/sft/final/detailed_results.json
benchmark_set_all_modes,standard_benchmark,standard,qwen7b,oracle_conflict,runtime,baseline,0.8428571428571429,0.6792763157894737,0.7522768670309654,0.2073170731707317,0.3984375,0.2727272727272727,0.6304347826086957,0.5698151950718686,0.3381508515815085,0.8905109489051095,0.29372594113696765,0.2885974370996812,0.3361423855853073,0.637688465647363,736,685,685,487,685,51,True,0,benchmark_set_all_modes/qwen7b/oracle_conflict/runtime/baseline/final/detailed_results.json
benchmark_set_all_modes,standard_benchmark,standard,qwen7b,oracle_conflict,runtime,sft,0.9786184210526315,0.9786184210526315,0.9786184210526315,0.8984375,0.8984375,0.8984375,0.9646739130434783,0.688911704312115,0.8235373054213634,0.7971014492753623,0.6750506855603083,0.6291088011257757,0.6768239222004213,0.822042220015368,736,621,621,487,621,115,True,0,benchmark_set_all_modes/qwen7b/oracle_conflict/runtime/sft/final/detailed_results.json
benchmark_set_all_modes,standard_benchmark,standard,qwen7b,oracle_conflict,strict,baseline,0.8970873786407767,0.7598684210526315,0.8227960819234192,0.3393665158371041,0.5859375,0.42979942693409745,0.7296195652173914,0.5564681724845996,0.3202218860312658,0.8396369137670197,0.2593591605011822,0.2720802666423341,0.3412664322924443,0.6347807635515761,736,661,661,487,661,75,True,0,benchmark_set_all_modes/qwen7b/oracle_conflict/strict/baseline/final/detailed_results.json
benchmark_set_all_modes,standard_benchmark,standard,qwen7b,oracle_conflict,strict,sft,0.9865546218487395,0.9654605263157895,0.975893599334996,0.851063829787234,0.9375,0.8921933085501859,0.9605978260869565,0.6858316221765913,0.8295454545454546,0.801948051948052,0.6741292050252448,0.6247510391339677,0.6850883642643365,0.8233046820012735,736,616,616,487,616,120,True,0,benchmark_set_all_modes/qwen7b/oracle_conflict/strict/sft/final/detailed_results.json
benchmark_set_all_modes,standard_benchmark,standard,qwen7b,oracle_notes,minimal,baseline,0.8265027322404371,0.9950657894736842,0.9029850746268656,0.25,0.0078125,0.015151515151515152,0.8233695652173914,0.7669404517453798,0.08687074829931972,0.7401360544217687,0.08707875046989469,0.07591471584615603,0.05277444021128963,0.6242330822733334,736,735,735,487,735,1,True,0,benchmark_set_all_modes/qwen7b/oracle_notes/minimal/baseline/final/detailed_results.json
benchmark_set_all_modes,standard_benchmark,standard,qwen7b,oracle_notes,minimal,sft,0.9524564183835182,0.9884868421052632,0.9701372074253429,0.9333333333333333,0.765625,0.8412017167381974,0.9497282608695652,0.7392197125256673,0.8951149425287355,0.7899686520376176,0.7466301399264533,0.6429235236892169,0.6481502965776132,0.8486101286293408,736,638,638,487,638,98,True,0,benchmark_set_all_modes/qwen7b/oracle_notes/minimal/sft/final/detailed_results.json
benchmark_set_all_modes,standard_benchmark,standard,qwen7b,oracle_notes,runtime,baseline,0.9172661870503597,0.8388157894736842,0.8762886597938143,0.45555555555555555,0.640625,0.5324675324675325,0.8043478260869565,0.688911704312115,0.261871996505024,0.8348623853211009,0.20907924035216513,0.2484057942528753,0.36530750974509274,0.6654836864830136,736,654,654,487,654,82,True,0,benchmark_set_all_modes/qwen7b/oracle_notes/runtime/baseline/final/detailed_results.json
benchmark_set_all_modes,standard_benchmark,standard,qwen7b,oracle_notes,runtime,sft,0.9528301886792453,0.9967105263157895,0.9742765273311897,0.98,0.765625,0.8596491228070174,0.9565217391304348,0.7546201232032854,0.9051201671891328,0.7789968652037618,0.7556593726593366,0.6532576985482674,0.6488741389504651,0.8532534207318424,736,638,638,487,638,98,True,0,benchmark_set_all_modes/qwen7b/oracle_notes/runtime/sft/final/detailed_results.json
benchmark_set_all_modes,standard_benchmark,standard,qwen7b,oracle_notes,strict,baseline,0.9267782426778243,0.7286184210526315,0.8158379373848987,0.36046511627906974,0.7265625,0.4818652849740932,0.7282608695652174,0.606776180698152,0.5931829963711767,0.7993779160186625,0.5058185897200805,0.48648049534446475,0.5442331324658347,0.7037937576182225,736,643,643,487,643,93,True,0,benchmark_set_all_modes/qwen7b/oracle_notes/strict/baseline/final/detailed_results.json
benchmark_set_all_modes,standard_benchmark,standard,qwen7b,oracle_notes,strict,sft,0.9538216560509554,0.9851973684210527,0.9692556634304207,0.9166666666666666,0.7734375,0.8389830508474577,0.9483695652173914,0.7392197125256673,0.8854003139717426,0.8006279434850864,0.7383924840458728,0.647938750356175,0.6512920229204094,0.8486259083532293,736,637,637,487,637,99,True,0,benchmark_set_all_modes/qwen7b/oracle_notes/strict/sft/final/detailed_results.json
other_techniques,other_techniques,con,llama,con,comparison,committee_eval,0.8260869565217391,1.0,0.9047619047619047,0.0,0.0,0.0,0.8260869565217391,0.6581108829568788,0.6091582556935817,0.6317934782608695,0.5327958614029725,0.4004767728049907,0.2757995448179775,0.7009561304183087,736,736,736,487,736,0,True,0,other_techniques/con/llama/final/detailed_results.json
other_techniques,other_techniques,cot_fewshot,llama,cot_fewshot,comparison,committee_eval,0.852760736196319,0.9144736842105263,0.8825396825396825,0.38095238095238093,0.25,0.3018867924528302,0.7989130434782609,0.6776180698151951,0.634770698051948,0.7159090909090909,0.5900166575700466,0.47051055777982936,0.40298189137851886,0.7277093853289791,736,704,704,487,704,32,True,0,other_techniques/cot_fewshot/llama/final/detailed_results.json
other_techniques_fixed,other_techniques_fixed,con,mistral,con,comparison,committee_eval,0.8260869565217391,1.0,0.9047619047619047,0.0,0.0,0.0,0.8260869565217391,0.675564681724846,0.5223570134575569,0.6847826086956522,0.4595006818144465,0.34774253100278685,0.22320322201165102,0.6968665521599899,736,736,736,487,736,0,True,0,other_techniques_fixed/con/mistral/final/detailed_results.json
other_techniques_fixed,other_techniques_fixed,cot_fewshot,mistral,cot_fewshot,comparison,committee_eval,0.9203703703703704,0.8174342105263158,0.8658536585365854,0.4336734693877551,0.6640625,0.5246913580246914,0.7907608695652174,0.5277207392197125,0.41650391339331433,0.6574500768049155,0.38477390575828363,0.3889660386922039,0.45061516960134407,0.616882096988632,736,651,651,487,651,85,True,0,other_techniques_fixed/cot_fewshot/mistral/final/detailed_results.json
other_techniques_fixed,other_techniques_fixed,con,qwen,con,comparison,committee_eval,0.8260869565217391,1.0,0.9047619047619047,0.0,0.0,0.0,0.8260869565217391,0.7186858316221766,0.6663690476190476,0.7269021739130435,0.594678767339654,0.4777175504696639,0.3181037904952627,0.7541797394790432,736,736,736,487,736,0,True,0,other_techniques_fixed/con/qwen/final/detailed_results.json
other_techniques_fixed,other_techniques_fixed,cot_fewshot,qwen,cot_fewshot,comparison,committee_eval,0.8666666666666667,0.962171052631579,0.9119251753702261,0.6229508196721312,0.296875,0.4021164021164021,0.8464673913043478,0.7238193018480493,0.7337528994405784,0.7808022922636103,0.6523733891856165,0.5423832606879071,0.4457865606773427,0.7875749172306161,736,698,698,487,698,38,True,0,other_techniques_fixed/cot_fewshot/qwen/final/detailed_results.json
